,% Advanced,% Proficient,% Basic,% Below Basic,Conduct OSS
Cluster1,41.524746192893396,38.28591370558376,14.741167512690343,5.449365482233503,0.46940439080450336
Cluster2,3.717225806451623,18.2961935483871,31.92087096774194,46.06738709677421,13.94563403050416
Cluster3,13.250382848392023,33.52819295558959,30.87931087289433,22.34335375191424,4.346535570325639
Cluster4,2.411449275362319,13.585942028985503,31.617971014492753,52.388115942028975,56.462012646981414
Cluster5,25.060246305418715,39.525960591133014,23.65634236453202,11.760701970443339,1.4312592020545578
